"run_id","run_dir","exit_status","elapsed_seconds","objective","max_gradient","has_hessian","par_exists","rep_exists","accepted"
"run_001","C:/Users/Cody/OneDrive/Documents/ebs_crab/models/snow/jitter_runs/run_001",0,8.46430587768555,308.524545358576,0.000618801241050063,TRUE,TRUE,TRUE,TRUE
"run_002","C:/Users/Cody/OneDrive/Documents/ebs_crab/models/snow/jitter_runs/run_002",1,5.37976384162903,1401.69224972885,3229.22778981594,TRUE,TRUE,TRUE,FALSE
"run_003","C:/Users/Cody/OneDrive/Documents/ebs_crab/models/snow/jitter_runs/run_003",0,8.20520210266113,308.524545474645,0.000525844915250275,TRUE,TRUE,TRUE,TRUE
"run_004","C:/Users/Cody/OneDrive/Documents/ebs_crab/models/snow/jitter_runs/run_004",0,5.0364511013031,1954.00155737633,19360.2715659969,TRUE,TRUE,TRUE,FALSE
"run_005","C:/Users/Cody/OneDrive/Documents/ebs_crab/models/snow/jitter_runs/run_005",0,7.61162209510803,308.524545357845,0.000768058553223085,TRUE,TRUE,TRUE,TRUE
"run_006","C:/Users/Cody/OneDrive/Documents/ebs_crab/models/snow/jitter_runs/run_006",0,6.25487208366394,308.524545370786,0.000791871158349531,TRUE,TRUE,TRUE,TRUE
"run_007","C:/Users/Cody/OneDrive/Documents/ebs_crab/models/snow/jitter_runs/run_007",0,7.19501900672913,308.524545359463,0.000857010814682924,TRUE,TRUE,TRUE,TRUE
"run_008","C:/Users/Cody/OneDrive/Documents/ebs_crab/models/snow/jitter_runs/run_008",0,8.39487290382385,308.524545366934,0.000990072040888026,TRUE,TRUE,TRUE,TRUE
"run_009","C:/Users/Cody/OneDrive/Documents/ebs_crab/models/snow/jitter_runs/run_009",0,8.14234304428101,308.524545349741,0.000791539258086098,TRUE,TRUE,TRUE,TRUE
"run_010","C:/Users/Cody/OneDrive/Documents/ebs_crab/models/snow/jitter_runs/run_010",0,7.12400507926941,308.524545366944,0.000527815401887985,TRUE,TRUE,TRUE,TRUE
"run_011","C:/Users/Cody/OneDrive/Documents/ebs_crab/models/snow/jitter_runs/run_011",0,5.90413308143616,308.524545371475,0.00092332246075051,TRUE,TRUE,TRUE,TRUE
"run_012","C:/Users/Cody/OneDrive/Documents/ebs_crab/models/snow/jitter_runs/run_012",0,9.70627093315125,308.524545367563,0.000503149996199212,TRUE,TRUE,TRUE,TRUE
"run_013","C:/Users/Cody/OneDrive/Documents/ebs_crab/models/snow/jitter_runs/run_013",0,7.07973194122314,308.524545381987,0.000839056552130806,TRUE,TRUE,TRUE,TRUE
"run_014","C:/Users/Cody/OneDrive/Documents/ebs_crab/models/snow/jitter_runs/run_014",0,9.45251703262329,308.524545354898,0.000930044092179551,TRUE,TRUE,TRUE,TRUE
"run_015","C:/Users/Cody/OneDrive/Documents/ebs_crab/models/snow/jitter_runs/run_015",0,7.68672108650208,308.524545365314,0.000694142715057213,TRUE,TRUE,TRUE,TRUE
"run_016","C:/Users/Cody/OneDrive/Documents/ebs_crab/models/snow/jitter_runs/run_016",0,7.11886477470398,308.524545374083,0.000569210483089328,TRUE,TRUE,TRUE,TRUE
"run_017","C:/Users/Cody/OneDrive/Documents/ebs_crab/models/snow/jitter_runs/run_017",0,7.41341710090637,308.524545369165,0.000283726999153692,TRUE,TRUE,TRUE,TRUE
"run_018","C:/Users/Cody/OneDrive/Documents/ebs_crab/models/snow/jitter_runs/run_018",0,6.89904689788818,308.524545366515,0.000741112393535674,TRUE,TRUE,TRUE,TRUE
"run_019","C:/Users/Cody/OneDrive/Documents/ebs_crab/models/snow/jitter_runs/run_019",0,7.076416015625,308.524545359785,0.000791783458733504,TRUE,TRUE,TRUE,TRUE
"run_020","C:/Users/Cody/OneDrive/Documents/ebs_crab/models/snow/jitter_runs/run_020",0,7.8730890750885,308.524545374139,0.000816939957293175,TRUE,TRUE,TRUE,TRUE
"run_021","C:/Users/Cody/OneDrive/Documents/ebs_crab/models/snow/jitter_runs/run_021",0,7.58493995666504,308.524545371989,0.000522999263926957,TRUE,TRUE,TRUE,TRUE
"run_022","C:/Users/Cody/OneDrive/Documents/ebs_crab/models/snow/jitter_runs/run_022",0,8.11244821548462,308.524545373247,0.000716878991077652,TRUE,TRUE,TRUE,TRUE
"run_023","C:/Users/Cody/OneDrive/Documents/ebs_crab/models/snow/jitter_runs/run_023",0,6.63517999649048,308.524545364293,0.000928667114247844,TRUE,TRUE,TRUE,TRUE
"run_024","C:/Users/Cody/OneDrive/Documents/ebs_crab/models/snow/jitter_runs/run_024",0,9.1756808757782,308.524665239949,0.000842896506346556,TRUE,TRUE,TRUE,TRUE
"run_025","C:/Users/Cody/OneDrive/Documents/ebs_crab/models/snow/jitter_runs/run_025",0,7.89106392860413,308.524545362738,0.000507251494055183,TRUE,TRUE,TRUE,TRUE
"run_026","C:/Users/Cody/OneDrive/Documents/ebs_crab/models/snow/jitter_runs/run_026",0,9.54550409317017,308.524545417062,0.000541405505130939,TRUE,TRUE,TRUE,TRUE
"run_027","C:/Users/Cody/OneDrive/Documents/ebs_crab/models/snow/jitter_runs/run_027",1,4.63434791564941,1309.31154774197,5058.55914326981,TRUE,TRUE,TRUE,FALSE
"run_028","C:/Users/Cody/OneDrive/Documents/ebs_crab/models/snow/jitter_runs/run_028",0,9.28775596618652,325.94568749984,0.000662331906903658,TRUE,TRUE,TRUE,TRUE
"run_029","C:/Users/Cody/OneDrive/Documents/ebs_crab/models/snow/jitter_runs/run_029",0,10.0161070823669,308.524545366292,0.000489680295190659,TRUE,TRUE,TRUE,TRUE
"run_030","C:/Users/Cody/OneDrive/Documents/ebs_crab/models/snow/jitter_runs/run_030",0,6.68515706062317,308.524545369876,0.000599019434024757,TRUE,TRUE,TRUE,TRUE
"run_031","C:/Users/Cody/OneDrive/Documents/ebs_crab/models/snow/jitter_runs/run_031",0,4.97617793083191,3182.38715925913,30405.0861177819,TRUE,TRUE,TRUE,FALSE
"run_032","C:/Users/Cody/OneDrive/Documents/ebs_crab/models/snow/jitter_runs/run_032",0,7.69900298118591,308.524545365382,0.00063889388875368,TRUE,TRUE,TRUE,TRUE
"run_033","C:/Users/Cody/OneDrive/Documents/ebs_crab/models/snow/jitter_runs/run_033",0,7.12057900428772,308.524545369515,0.000620799354991656,TRUE,TRUE,TRUE,TRUE
"run_034","C:/Users/Cody/OneDrive/Documents/ebs_crab/models/snow/jitter_runs/run_034",0,7.11286592483521,308.524545358894,0.000883127748425827,TRUE,TRUE,TRUE,TRUE
"run_035","C:/Users/Cody/OneDrive/Documents/ebs_crab/models/snow/jitter_runs/run_035",0,8.787428855896,308.524545368866,0.000361090227457085,TRUE,TRUE,TRUE,TRUE
"run_036","C:/Users/Cody/OneDrive/Documents/ebs_crab/models/snow/jitter_runs/run_036",0,14.5671489238739,308.524545361205,0.000989193220644214,TRUE,TRUE,TRUE,TRUE
"run_037","C:/Users/Cody/OneDrive/Documents/ebs_crab/models/snow/jitter_runs/run_037",0,5.15944600105286,870.30801824997,1991.9855873086,TRUE,TRUE,TRUE,FALSE
"run_038","C:/Users/Cody/OneDrive/Documents/ebs_crab/models/snow/jitter_runs/run_038",0,6.42878603935242,308.52454537067,0.000694386910671163,TRUE,TRUE,TRUE,TRUE
"run_039","C:/Users/Cody/OneDrive/Documents/ebs_crab/models/snow/jitter_runs/run_039",0,8.08407092094421,308.524545378269,0.000730286006580501,TRUE,TRUE,TRUE,TRUE
"run_040","C:/Users/Cody/OneDrive/Documents/ebs_crab/models/snow/jitter_runs/run_040",0,8.85921597480774,308.524545355161,0.000958184824898466,TRUE,TRUE,TRUE,TRUE
"run_041","C:/Users/Cody/OneDrive/Documents/ebs_crab/models/snow/jitter_runs/run_041",0,6.69234299659729,308.524545361261,0.000739577693829086,TRUE,TRUE,TRUE,TRUE
"run_042","C:/Users/Cody/OneDrive/Documents/ebs_crab/models/snow/jitter_runs/run_042",0,6.99211001396179,308.524545367376,0.000624986625059703,TRUE,TRUE,TRUE,TRUE
"run_043","C:/Users/Cody/OneDrive/Documents/ebs_crab/models/snow/jitter_runs/run_043",0,9.9795880317688,308.52454536267,0.000857431536312946,TRUE,TRUE,TRUE,TRUE
"run_044","C:/Users/Cody/OneDrive/Documents/ebs_crab/models/snow/jitter_runs/run_044",0,8.65360689163208,308.524545364972,0.000719964699928032,TRUE,TRUE,TRUE,TRUE
"run_045","C:/Users/Cody/OneDrive/Documents/ebs_crab/models/snow/jitter_runs/run_045",0,9.13348507881165,308.524545368884,0.000679026669877029,TRUE,TRUE,TRUE,TRUE
"run_046","C:/Users/Cody/OneDrive/Documents/ebs_crab/models/snow/jitter_runs/run_046",0,8.01803302764893,308.524545367538,0.000223044461019687,TRUE,TRUE,TRUE,TRUE
"run_047","C:/Users/Cody/OneDrive/Documents/ebs_crab/models/snow/jitter_runs/run_047",0,9.07326507568359,308.5245453831,0.000837657378100894,TRUE,TRUE,TRUE,TRUE
"run_048","C:/Users/Cody/OneDrive/Documents/ebs_crab/models/snow/jitter_runs/run_048",0,7.47083902359009,308.524545396524,0.000729729652395059,TRUE,TRUE,TRUE,TRUE
"run_049","C:/Users/Cody/OneDrive/Documents/ebs_crab/models/snow/jitter_runs/run_049",0,4.74730396270752,1284.97615424396,12305.2713058632,TRUE,TRUE,TRUE,FALSE
"run_050","C:/Users/Cody/OneDrive/Documents/ebs_crab/models/snow/jitter_runs/run_050",0,6.31071901321411,308.524545484641,0.000920661959312064,TRUE,TRUE,TRUE,TRUE
"run_051","C:/Users/Cody/OneDrive/Documents/ebs_crab/models/snow/jitter_runs/run_051",0,8.4733669757843,308.524545352693,0.000443084890783938,TRUE,TRUE,TRUE,TRUE
"run_052","C:/Users/Cody/OneDrive/Documents/ebs_crab/models/snow/jitter_runs/run_052",0,9.8084499835968,308.524545362072,0.000578432820972496,TRUE,TRUE,TRUE,TRUE
"run_053","C:/Users/Cody/OneDrive/Documents/ebs_crab/models/snow/jitter_runs/run_053",0,9.62044095993042,308.524545364909,0.000488825055815201,TRUE,TRUE,TRUE,TRUE
"run_054","C:/Users/Cody/OneDrive/Documents/ebs_crab/models/snow/jitter_runs/run_054",0,7.00442814826965,329.83392414476,0.000528547943774122,TRUE,TRUE,TRUE,TRUE
"run_055","C:/Users/Cody/OneDrive/Documents/ebs_crab/models/snow/jitter_runs/run_055",0,8.59142804145813,308.524545382659,0.000870849094192493,TRUE,TRUE,TRUE,TRUE
"run_056","C:/Users/Cody/OneDrive/Documents/ebs_crab/models/snow/jitter_runs/run_056",0,6.61086201667786,308.524545560227,0.00078080766764404,TRUE,TRUE,TRUE,TRUE
"run_057","C:/Users/Cody/OneDrive/Documents/ebs_crab/models/snow/jitter_runs/run_057",0,9.48453807830811,308.524545373129,0.0005414372383712,TRUE,TRUE,TRUE,TRUE
"run_058","C:/Users/Cody/OneDrive/Documents/ebs_crab/models/snow/jitter_runs/run_058",0,8.66916990280151,308.524545371443,0.000559033889341957,TRUE,TRUE,TRUE,TRUE
"run_059","C:/Users/Cody/OneDrive/Documents/ebs_crab/models/snow/jitter_runs/run_059",0,7.62007904052734,308.524545372051,0.000624980730196398,TRUE,TRUE,TRUE,TRUE
"run_060","C:/Users/Cody/OneDrive/Documents/ebs_crab/models/snow/jitter_runs/run_060",0,9.97378611564636,308.524545369722,0.000445258674312948,TRUE,TRUE,TRUE,TRUE
"run_061","C:/Users/Cody/OneDrive/Documents/ebs_crab/models/snow/jitter_runs/run_061",1,5.03475403785706,448.033385176588,1346.92844272871,TRUE,TRUE,TRUE,FALSE
"run_062","C:/Users/Cody/OneDrive/Documents/ebs_crab/models/snow/jitter_runs/run_062",0,8.47462797164917,308.524545370249,0.000848532943131828,TRUE,TRUE,TRUE,TRUE
"run_063","C:/Users/Cody/OneDrive/Documents/ebs_crab/models/snow/jitter_runs/run_063",0,8.29608798027039,308.524545370782,0.000303578829402995,TRUE,TRUE,TRUE,TRUE
"run_064","C:/Users/Cody/OneDrive/Documents/ebs_crab/models/snow/jitter_runs/run_064",0,8.28805804252625,308.524545369791,0.000755897380878614,TRUE,TRUE,TRUE,TRUE
"run_065","C:/Users/Cody/OneDrive/Documents/ebs_crab/models/snow/jitter_runs/run_065",0,6.32820105552673,308.524545369957,0.000673088211886432,TRUE,TRUE,TRUE,TRUE
"run_066","C:/Users/Cody/OneDrive/Documents/ebs_crab/models/snow/jitter_runs/run_066",0,8.06470084190369,308.524545358068,0.000245406899316183,TRUE,TRUE,TRUE,TRUE
"run_067","C:/Users/Cody/OneDrive/Documents/ebs_crab/models/snow/jitter_runs/run_067",0,8.4884181022644,308.524545366531,0.000313423368161915,TRUE,TRUE,TRUE,TRUE
"run_068","C:/Users/Cody/OneDrive/Documents/ebs_crab/models/snow/jitter_runs/run_068",0,10.3050348758698,308.524545366046,0.000779838625690411,TRUE,TRUE,TRUE,TRUE
"run_069","C:/Users/Cody/OneDrive/Documents/ebs_crab/models/snow/jitter_runs/run_069",0,7.26151180267334,308.524545388452,0.00098046173971668,TRUE,TRUE,TRUE,TRUE
"run_070","C:/Users/Cody/OneDrive/Documents/ebs_crab/models/snow/jitter_runs/run_070",0,8.06543207168579,308.52454540962,0.00040034274560943,TRUE,TRUE,TRUE,TRUE
"run_071","C:/Users/Cody/OneDrive/Documents/ebs_crab/models/snow/jitter_runs/run_071",0,10.2326889038086,350.375251166656,0.0002704948962707,TRUE,TRUE,TRUE,TRUE
"run_072","C:/Users/Cody/OneDrive/Documents/ebs_crab/models/snow/jitter_runs/run_072",0,9.25833988189697,308.524545369123,0.000794561381177613,TRUE,TRUE,TRUE,TRUE
"run_073","C:/Users/Cody/OneDrive/Documents/ebs_crab/models/snow/jitter_runs/run_073",0,8.363520860672,308.524545373187,0.000561318651805136,TRUE,TRUE,TRUE,TRUE
"run_074","C:/Users/Cody/OneDrive/Documents/ebs_crab/models/snow/jitter_runs/run_074",0,3.81335997581482,2474.43622663981,24389.4991166873,TRUE,TRUE,TRUE,FALSE
"run_075","C:/Users/Cody/OneDrive/Documents/ebs_crab/models/snow/jitter_runs/run_075",0,5.90832090377808,308.524545361709,0.000966032934640234,TRUE,TRUE,TRUE,TRUE
"run_076","C:/Users/Cody/OneDrive/Documents/ebs_crab/models/snow/jitter_runs/run_076",1,5.1970329284668,755.118870686407,12756.2840120865,TRUE,TRUE,TRUE,FALSE
"run_077","C:/Users/Cody/OneDrive/Documents/ebs_crab/models/snow/jitter_runs/run_077",0,8.96025705337524,308.524545384952,0.000933936661834114,TRUE,TRUE,TRUE,TRUE
"run_078","C:/Users/Cody/OneDrive/Documents/ebs_crab/models/snow/jitter_runs/run_078",0,7.49985504150391,308.524545358246,0.000481190585637927,TRUE,TRUE,TRUE,TRUE
"run_079","C:/Users/Cody/OneDrive/Documents/ebs_crab/models/snow/jitter_runs/run_079",0,7.25998091697693,308.961083358571,34.5511836945769,TRUE,TRUE,TRUE,FALSE
"run_080","C:/Users/Cody/OneDrive/Documents/ebs_crab/models/snow/jitter_runs/run_080",0,8.57604217529297,308.524660491378,0.000436092344505356,TRUE,TRUE,TRUE,TRUE
"run_081","C:/Users/Cody/OneDrive/Documents/ebs_crab/models/snow/jitter_runs/run_081",0,8.18649005889893,308.524545367162,0.000821179346886412,TRUE,TRUE,TRUE,TRUE
"run_082","C:/Users/Cody/OneDrive/Documents/ebs_crab/models/snow/jitter_runs/run_082",0,8.87841081619263,308.524545374316,0.000581189114146808,TRUE,TRUE,TRUE,TRUE
"run_083","C:/Users/Cody/OneDrive/Documents/ebs_crab/models/snow/jitter_runs/run_083",0,7.7729799747467,308.524545367377,0.000766177122429991,TRUE,TRUE,TRUE,TRUE
"run_084","C:/Users/Cody/OneDrive/Documents/ebs_crab/models/snow/jitter_runs/run_084",0,7.02850317955017,308.524545376871,0.000992242536892373,TRUE,TRUE,TRUE,TRUE
"run_085","C:/Users/Cody/OneDrive/Documents/ebs_crab/models/snow/jitter_runs/run_085",0,6.71945095062256,308.524545373338,0.00065940511735346,TRUE,TRUE,TRUE,TRUE
"run_086","C:/Users/Cody/OneDrive/Documents/ebs_crab/models/snow/jitter_runs/run_086",0,7.52915692329407,308.52454537114,0.000581973301251511,TRUE,TRUE,TRUE,TRUE
"run_087","C:/Users/Cody/OneDrive/Documents/ebs_crab/models/snow/jitter_runs/run_087",0,9.51727390289307,308.524545363334,0.000604017534135334,TRUE,TRUE,TRUE,TRUE
"run_088","C:/Users/Cody/OneDrive/Documents/ebs_crab/models/snow/jitter_runs/run_088",0,8.01506114006042,308.524666063638,0.00085822611054062,TRUE,TRUE,TRUE,TRUE
"run_089","C:/Users/Cody/OneDrive/Documents/ebs_crab/models/snow/jitter_runs/run_089",0,7.52406787872314,350.375251165584,0.000869600449502922,TRUE,TRUE,TRUE,TRUE
"run_090","C:/Users/Cody/OneDrive/Documents/ebs_crab/models/snow/jitter_runs/run_090",0,7.02951097488403,308.82779024605,0.000406358234759068,TRUE,TRUE,TRUE,TRUE
"run_091","C:/Users/Cody/OneDrive/Documents/ebs_crab/models/snow/jitter_runs/run_091",0,5.13697791099548,574.058142492813,4649.35744269592,TRUE,TRUE,TRUE,FALSE
"run_092","C:/Users/Cody/OneDrive/Documents/ebs_crab/models/snow/jitter_runs/run_092",0,7.54878401756287,308.52454536978,0.000793793168914104,TRUE,TRUE,TRUE,TRUE
"run_093","C:/Users/Cody/OneDrive/Documents/ebs_crab/models/snow/jitter_runs/run_093",0,7.42406916618347,308.524545367323,0.000413460222613675,TRUE,TRUE,TRUE,TRUE
"run_094","C:/Users/Cody/OneDrive/Documents/ebs_crab/models/snow/jitter_runs/run_094",0,7.13187503814697,308.524545370903,0.00055140164759156,TRUE,TRUE,TRUE,TRUE
"run_095","C:/Users/Cody/OneDrive/Documents/ebs_crab/models/snow/jitter_runs/run_095",0,4.82511782646179,815.107778241342,10813.5905407873,TRUE,TRUE,TRUE,FALSE
"run_096","C:/Users/Cody/OneDrive/Documents/ebs_crab/models/snow/jitter_runs/run_096",0,5.00190997123718,944.458808164401,12958.6410363837,TRUE,TRUE,TRUE,FALSE
"run_097","C:/Users/Cody/OneDrive/Documents/ebs_crab/models/snow/jitter_runs/run_097",0,9.25202488899231,308.524545379566,0.000992104483190563,TRUE,TRUE,TRUE,TRUE
"run_098","C:/Users/Cody/OneDrive/Documents/ebs_crab/models/snow/jitter_runs/run_098",0,8.79011988639832,308.524545405556,0.000963611800968364,TRUE,TRUE,TRUE,TRUE
"run_099","C:/Users/Cody/OneDrive/Documents/ebs_crab/models/snow/jitter_runs/run_099",0,7.90061187744141,308.524545399018,0.000353526024297924,TRUE,TRUE,TRUE,TRUE
"run_100","C:/Users/Cody/OneDrive/Documents/ebs_crab/models/snow/jitter_runs/run_100",0,7.20139503479004,308.524545384798,0.000882247621453828,TRUE,TRUE,TRUE,TRUE
