"parameter","index","start_value"
"log_n_imm",1,24.6074463325888
"log_n_imm",2,18.6681293733387
"log_n_imm",3,22.2616989337223
"log_n_imm",4,16.7224284960967
"log_n_imm",5,18.9970578991591
"log_n_imm",6,19.1678478322523
"log_n_imm",7,17.0837788431032
"log_n_imm",8,15.4405819938906
"log_n_imm",9,17.9086795165895
"log_n_imm",10,17.3788073332735
"log_n_imm",11,17.0385601416277
"log_n_imm",12,20.2976738334966
"log_n_imm",13,18.3265610826599
"log_n_imm",14,18.4458578877425
"log_n_imm",15,14.2820331165284
"log_n_imm",16,11.3264500784238
"log_n_imm",17,11.263070891425
"log_n_imm",18,11.8977907898149
"log_n_imm",19,9.97787250730056
"log_n_imm",20,7.6303842738412
"log_n_imm",21,6.27967285760046
"log_n_mat",1,19.7167632679309
"log_n_mat",2,11.4330949737445
"log_n_mat",3,14.6547083349444
"log_n_mat",4,17.7121000516607
"log_n_mat",5,18.4977577324481
"log_n_mat",6,22.7242715649061
"log_n_mat",7,19.2804096253606
"log_n_mat",8,18.8244105849022
"log_n_mat",9,18.9216326597035
"log_n_mat",10,20.5392510633734
"log_n_mat",11,17.3168836766695
"log_n_mat",12,18.5089735846547
"log_n_mat",13,16.0491871222984
"log_n_mat",14,16.420113813454
"log_n_mat",15,18.7283456720637
"log_n_mat",16,19.690885769665
"log_n_mat",17,14.4987707690481
"log_n_mat",18,18.2966818217197
"log_n_mat",19,16.1776651370699
"log_n_mat",20,14.3538473733069
"log_n_mat",21,12.3934659214908
"nat_m_dev",1,-0.0791560918894576
"nat_m_dev",2,-0.765223840462564
"nat_m_dev",3,-0.706736397398461
"nat_m_dev",4,-0.830735666515426
"nat_m_dev",5,-1.01709576026129
"nat_m_dev",6,-1.0703511872065
"nat_m_dev",7,-0.95037129493433
"nat_m_dev",8,-0.306846202899565
"nat_m_dev",9,-0.229550038368232
"nat_m_dev",10,0.0590748336504572
"nat_m_dev",11,0.194976651254969
"nat_m_dev",12,0.0436844649477331
"nat_m_dev",13,0.272822707480862
"nat_m_dev",14,0.504705330993511
"nat_m_dev",15,0.440970005896254
"nat_m_dev",16,0.538222031750833
"nat_m_dev",17,0.112469986016765
"nat_m_dev",18,-0.669912034080471
"nat_m_dev",19,-0.506092596552074
"nat_m_dev",20,0.557527426464774
"nat_m_dev",21,-0.242721528623348
"nat_m_dev",22,-0.381274089941269
"nat_m_dev",23,-0.364772944367144
"nat_m_dev",24,-0.539472153443198
"nat_m_dev",25,-0.318364306780859
"nat_m_dev",26,-0.465260931297941
"nat_m_dev",27,-0.695307487613354
"nat_m_dev",28,-0.130440839867011
"nat_m_dev",29,0.267425888687641
"nat_m_dev",30,0.168719962650099
"nat_m_dev",31,0.194553532764976
"nat_m_dev",32,0.184766814028325
"nat_m_dev",33,0.329723571360262
"nat_m_dev",34,0.710610962914122
"nat_m_dev",35,-0.221156380480529
"nat_m_dev",36,-0.677691144034958
"nat_m_dev",37,0.746463478856926
"nat_m_dev",38,1.64000509892134
"nat_m_dev",39,-0.029451156317879
"nat_m_dev",40,-0.932835051030735
"nat_m_dev",41,-0.262939315841845
"nat_m_dev",42,0.40314185312017
"nat_m_mat_dev",1,-0.463092276602433
"nat_m_mat_dev",2,0.413770447124477
"nat_m_mat_dev",3,0.920374394379523
"nat_m_mat_dev",4,-0.157616967592272
"nat_m_mat_dev",5,-0.97892545535647
"nat_m_mat_dev",6,-0.75191255165124
"nat_m_mat_dev",7,-0.609818261247827
"nat_m_mat_dev",8,-0.424895734075095
"nat_m_mat_dev",9,0.066412761577176
"nat_m_mat_dev",10,0.842115244296158
"nat_m_mat_dev",11,-0.0790297190005088
"nat_m_mat_dev",12,-0.292840331681325
"nat_m_mat_dev",13,0.0793602434054594
"nat_m_mat_dev",14,0.710074415197479
"nat_m_mat_dev",15,0.410912830516353
"nat_m_mat_dev",16,0.636186775481558
"nat_m_mat_dev",17,0.644848265884275
"nat_m_mat_dev",18,-0.681202398001435
"nat_m_mat_dev",19,-0.641470568168998
"nat_m_mat_dev",20,0.568942899428747
"nat_m_mat_dev",21,-0.0696751656001789
"nat_m_mat_dev",22,-0.70410885350442
"nat_m_mat_dev",23,-0.742486304503851
"nat_m_mat_dev",24,0.56021321111122
"nat_m_mat_dev",25,0.409117616908872
"nat_m_mat_dev",26,0.619181676056589
"nat_m_mat_dev",27,0.0869686991424935
"nat_m_mat_dev",28,-0.907934051631837
"nat_m_mat_dev",29,-0.490178556927141
"nat_m_mat_dev",30,0.252335431899872
"nat_m_mat_dev",31,0.322085962972861
"nat_m_mat_dev",32,0.378331092823575
"nat_m_mat_dev",33,0.32067365510086
"nat_m_mat_dev",34,0.110501852348743
"nat_m_mat_dev",35,-0.0048621868518758
"nat_m_mat_dev",36,-0.13741971773442
"nat_m_mat_dev",37,0.817633523633474
"nat_m_mat_dev",38,1.21258463484987
"nat_m_mat_dev",39,0.0784525260631935
"nat_m_mat_dev",40,0.68077170014827
"nat_m_mat_dev",41,0.000476693760529473
"nat_m_mat_dev",42,-1.13579932124707
"nat_m_lg_dev",1,0.0251224432798866
"nat_m_lg_dev",2,0.0418169333917158
"nat_m_lg_dev",3,0.273013562722766
"nat_m_lg_dev",4,-0.33364125138136
"nat_m_lg_dev",5,-0.00192388946798886
"nat_m_lg_dev",6,-0.159105924846126
"nat_m_lg_dev",7,0.385415786406395
"nat_m_lg_dev",8,-0.0572838641239594
"nat_m_lg_dev",9,-0.1286394200973
"nat_m_lg_dev",10,0.502532830294191
"nat_m_lg_dev",11,-0.117660699639677
"nat_m_lg_dev",12,0.223734615410349
"nat_m_lg_dev",13,0.260415224127231
"nat_m_lg_dev",14,0.170645230463007
"nat_m_lg_dev",15,-0.215782605389429
"nat_m_lg_dev",16,-0.0644277268961833
"nat_m_lg_dev",17,-0.526667147796029
"nat_m_lg_dev",18,-0.149017102898573
"nat_m_lg_dev",19,0.234806039482944
"nat_m_lg_dev",20,0.0463818980453583
"nat_m_lg_dev",21,0.116250254349335
"nat_m_lg_dev",22,0.234037384548925
"nat_m_lg_dev",23,-0.156410947873449
"nat_m_lg_dev",24,-0.298185937066278
"nat_m_lg_dev",25,0.129643898556678
"nat_m_lg_dev",26,0.0576377535301732
"nat_m_lg_dev",27,-0.193020938497885
"nat_m_lg_dev",28,0.0256396185402954
"nat_m_lg_dev",29,-0.00101525322327384
"nat_m_lg_dev",30,-0.0874425935478533
"nat_m_lg_dev",31,-0.122608757266973
"nat_m_lg_dev",32,0.252196275855137
"nat_m_lg_dev",33,-0.09204824528313
"nat_m_lg_dev",34,-0.0388354538651842
"nat_m_lg_dev",35,-0.214847198325189
"nat_m_lg_dev",36,0.171693850852998
"nat_m_lg_dev",37,-0.13069762494223
"nat_m_lg_dev",38,-0.023896569998059
"nat_m_lg_dev",39,-0.313637091737361
"nat_m_lg_dev",40,-0.125763786484026
"nat_m_lg_dev",41,-0.339745545353071
"nat_m_lg_dev",42,-0.0039075378273798
"q_dev",1,0
"q_dev",2,0
"q_dev",3,0
"q_dev",4,0
"q_dev",5,0
"q_dev",6,0
"q_dev",7,0
"q_dev",8,0
"q_dev",9,0
"q_dev",10,0
"q_dev",11,0
"q_dev",12,0
"q_dev",13,0
"q_dev",14,0
"q_dev",15,0
"q_dev",16,0
"q_dev",17,0
"q_dev",18,0
"q_dev",19,0
"q_dev",20,0
"q_dev",21,0
"q_dev",22,0
"q_dev",23,0
"q_dev",24,0
"q_dev",25,0
"q_dev",26,0
"q_dev",27,0
"q_dev",28,0
"q_dev",29,0
"q_dev",30,0
"q_dev",31,0
"q_dev",32,0
"q_dev",33,0
"q_dev",34,0
"q_dev",35,0
"q_dev",36,0
"q_dev",37,0
"q_dev",38,0
"q_dev",39,0
"q_dev",40,0
"q_dev",41,0
"q_dev",42,0
"q_mat_dev",1,0
"q_mat_dev",2,0
"q_mat_dev",3,0
"q_mat_dev",4,0
"q_mat_dev",5,0
"q_mat_dev",6,0
"q_mat_dev",7,0
"q_mat_dev",8,0
"q_mat_dev",9,0
"q_mat_dev",10,0
"q_mat_dev",11,0
"q_mat_dev",12,0
"q_mat_dev",13,0
"q_mat_dev",14,0
"q_mat_dev",15,0
"q_mat_dev",16,0
"q_mat_dev",17,0
"q_mat_dev",18,0
"q_mat_dev",19,0
"q_mat_dev",20,0
"q_mat_dev",21,0
"q_mat_dev",22,0
"q_mat_dev",23,0
"q_mat_dev",24,0
"q_mat_dev",25,0
"q_mat_dev",26,0
"q_mat_dev",27,0
"q_mat_dev",28,0
"q_mat_dev",29,0
"q_mat_dev",30,0
"q_mat_dev",31,0
"q_mat_dev",32,0
"q_mat_dev",33,0
"q_mat_dev",34,0
"q_mat_dev",35,0
"q_mat_dev",36,0
"q_mat_dev",37,0
"q_mat_dev",38,0
"q_mat_dev",39,0
"q_mat_dev",40,0
"q_mat_dev",41,0
"q_mat_dev",42,0
"q_lg_dev",1,0
"q_lg_dev",2,0
"q_lg_dev",3,0
"q_lg_dev",4,0
"q_lg_dev",5,0
"q_lg_dev",6,0
"q_lg_dev",7,0
"q_lg_dev",8,0
"q_lg_dev",9,0
"q_lg_dev",10,0
"q_lg_dev",11,0
"q_lg_dev",12,0
"q_lg_dev",13,0
"q_lg_dev",14,0
"q_lg_dev",15,0
"q_lg_dev",16,0
"q_lg_dev",17,0
"q_lg_dev",18,0
"q_lg_dev",19,0
"q_lg_dev",20,0
"q_lg_dev",21,0
"q_lg_dev",22,0
"q_lg_dev",23,0
"q_lg_dev",24,0
"q_lg_dev",25,0
"q_lg_dev",26,0
"q_lg_dev",27,0
"q_lg_dev",28,0
"q_lg_dev",29,0
"q_lg_dev",30,0
"q_lg_dev",31,0
"q_lg_dev",32,0
"q_lg_dev",33,0
"q_lg_dev",34,0
"q_lg_dev",35,0
"q_lg_dev",36,0
"q_lg_dev",37,0
"q_lg_dev",38,0
"q_lg_dev",39,0
"q_lg_dev",40,0
"q_lg_dev",41,0
"q_lg_dev",42,0
"log_avg_rec",1,18.7617583889
"rec_devs",1,-0.204337530862663
"rec_devs",2,-0.68267163219417
"rec_devs",3,-0.104436326704447
"rec_devs",4,0.672742890235792
"rec_devs",5,-0.225444413898795
"rec_devs",6,1.1524531127813
"rec_devs",7,-0.663476555487793
"rec_devs",8,0.633973518120354
"rec_devs",9,1.03525069614169
"rec_devs",10,2.31036940768681
"rec_devs",11,0.931578360946707
"rec_devs",12,0.3364133140112
"rec_devs",13,-0.676096669873412
"rec_devs",14,-0.59168300628902
"rec_devs",15,-0.201745090349813
"rec_devs",16,-0.14615932385236
"rec_devs",17,0.0208112057134396
"rec_devs",18,-1.25189678437086
"rec_devs",19,-0.785265418451419
"rec_devs",20,0.201745722182785
"rec_devs",21,1.0672768589021
"rec_devs",22,-0.462331560612597
"rec_devs",23,0.730937096091325
"rec_devs",24,-0.0964250984767496
"rec_devs",25,-1.91701649908649
"rec_devs",26,0.0374589204593241
"rec_devs",27,1.3130500874341
"rec_devs",28,-0.559870379861217
"rec_devs",29,-0.786202681917579
"rec_devs",30,-0.200318272474537
"rec_devs",31,-0.108061239799688
"rec_devs",32,0.237385219558478
"rec_devs",33,1.17167563593058
"rec_devs",34,1.35557761168799
"rec_devs",35,2.30676300044203
"rec_devs",36,-1.43350660359338
"rec_devs",37,-2.30897179516979
"rec_devs",38,-2.29802141737758
"rec_devs",39,-1.18876697666729
"rec_devs",40,-0.94158552265316
"rec_devs",41,0.648397512787847
"rec_devs",42,-0.546764984317978
"sigma_m",1,1
"sigma_m",2,1
"sigma_m",3,1
"log_m_mu",1,-1.47432084032327
"log_m_mu",2,-1.00882768529561
"log_m_mu",3,-1.71537949544509
"prop_rec",1,14.2396846449332
"prop_rec",2,3.42376948459395
"sigma_q",1,0.1
"sigma_q",2,0.1
"log_f",1,0.513777568765231
"f_dev",1,-1.27803660418429
"f_dev",2,-1.31363095952144
"f_dev",3,-0.262258794354466
"f_dev",4,0.236830832638552
"f_dev",5,-0.227393050407638
"f_dev",6,0.165940453017034
"f_dev",7,-0.560091485302858
"f_dev",8,-0.527109002879424
"f_dev",9,0.883880074301045
"f_dev",10,0.530270617639993
"f_dev",11,1.5643532149391
"f_dev",12,0.724435739126255
"f_dev",13,0.964040131453651
"f_dev",14,0.618059446010164
"f_dev",15,0.505369741126769
"f_dev",16,0.561146323650963
"f_dev",17,0.716276191786387
"f_dev",18,-1.2261404215749
"f_dev",19,-1.39904898108877
"f_dev",20,0.00730103701445146
"f_dev",21,0.285682244878736
"f_dev",22,-0.791497755319109
"f_dev",23,-1.20958275551155
"f_dev",24,-0.574733301580707
"f_dev",25,0.160001805925062
"f_dev",26,0.273967287779313
"f_dev",27,0.320221164402222
"f_dev",28,-0.99647670171613
"f_dev",29,-2.05967411138941
"f_dev",30,-0.74520217388587
"f_dev",31,-0.0536061374174638
"f_dev",32,0.0250187468068981
"f_dev",33,0.699539646391404
"f_dev",34,0.662262885660162
"f_dev",35,-0.308370118466415
"f_dev",36,0.173384048888522
"f_dev",37,0.963232706107949
"f_dev",38,1.54461350755855
"f_dev",39,2.06547429009174
"f_dev",40,-0.976890169655878
"fish_ret_sel_50",1,99.543211474244
"fish_ret_sel_50_post",1,100.202096040681
"fish_ret_sel_slope",1,0.183956664618281
"fish_ret_sel_slope_post",1,0.312214102917554
"fish_tot_sel_offset",1,-8.55541955921464
"fish_tot_sel_offset_dev",1,1.3847577029129
"fish_tot_sel_offset_dev",2,-1.49401033629664
"fish_tot_sel_offset_dev",3,4.16558170695474
"fish_tot_sel_offset_dev",4,-0.783747739050498
"fish_tot_sel_offset_dev",5,0.495315995353374
"fish_tot_sel_offset_dev",6,-0.786405429110939
"fish_tot_sel_offset_dev",7,-0.925317487235011
"fish_tot_sel_offset_dev",8,3.16195328847732
"fish_tot_sel_offset_dev",9,-4.08349496738472
"fish_tot_sel_offset_dev",10,2.39151361835884
"fish_tot_sel_offset_dev",11,0.6406514882717
"fish_tot_sel_offset_dev",12,-2.42828966693387
"fish_tot_sel_offset_dev",13,0.401264860251107
"fish_tot_sel_offset_dev",14,4.1075379111042
"fish_tot_sel_offset_dev",15,-1.7073333061852
"fish_tot_sel_offset_dev",16,1.4985734956739
"fish_tot_sel_offset_dev",17,-0.285130525429583
"fish_tot_sel_offset_dev",18,1.4470229804024
"fish_tot_sel_offset_dev",19,-0.758932992545099
"fish_tot_sel_offset_dev",20,1.03846174347816
"fish_tot_sel_offset_dev",21,-3.01159929123969
"fish_tot_sel_offset_dev",22,3.47994469182555
"fish_tot_sel_offset_dev",23,-3.05965817088048
"fish_tot_sel_offset_dev",24,1.48611375222333
"fish_tot_sel_offset_dev",25,-0.930284378381869
"fish_tot_sel_offset_dev",26,-1.93901931507981
"fish_tot_sel_offset_dev",27,1.35772955883471
"fish_tot_sel_offset_dev",28,-1.59111721915899
"fish_tot_sel_offset_dev",29,0.686224364980818
"fish_tot_sel_offset_dev",30,0.650648827640304
"fish_tot_sel_offset_dev",31,0.0109997502367249
"fish_tot_sel_offset_dev",32,-3.30421571246167
"fish_tot_sel_offset_dev",33,1.75288025457961
"fish_tot_sel_offset_dev",34,-2.09714647182967
"fish_tot_sel_offset_dev",35,0.770547370344726
"fish_tot_sel_offset_dev",36,-0.101123840226615
"fish_tot_sel_offset_dev",37,0.845143326487981
"fish_tot_sel_offset_dev",38,-2.92708435757065
"fish_tot_sel_offset_dev",39,-0.509309491642866
"fish_tot_sel_offset_dev",40,-2.1627150321949
"fish_tot_sel_slope",1,-1.80177888097701
"surv_omega",1,0.509050730565848
"surv_alpha1",1,0.0289184702770673
"surv_beta1",1,100.013900091839
"surv_alpha2",1,0.0810129477837294
"surv_beta2",1,42.6721797678757
